INSERT INTO PRP_D_CODE (ID, CODE_TYPE, CODE_CODE, CODE_C_NAME, CODE_E_NAME, CODE_T_NAME, DISPLAY_NO, DELETED_FLAG, CREATE_BY, UPDATE_BY, CREATE_TIME, UPDATE_TIME) VALUES ('1', 'sys_menu', 'home', '首页', 'home', '首頁', 0, '0', 'Guosd', 'Guosd', TO_DATE('2020-02-03 19:23:25', 'YYYY-MM-DD HH24:MI:SS'), TO_DATE('2020-02-10 12:57:10', 'YYYY-MM-DD HH24:MI:SS'));
INSERT INTO PRP_D_CODE (ID, CODE_TYPE, CODE_CODE, CODE_C_NAME, CODE_E_NAME, CODE_T_NAME, DISPLAY_NO, DELETED_FLAG, CREATE_BY, UPDATE_BY, CREATE_TIME, UPDATE_TIME) VALUES ('2', 'sys_menu', 'login', '登录', 'login', '登錄', 0, '0', 'Guosd', 'Guosd', TO_DATE('2020-02-03 19:23:25', 'YYYY-MM-DD HH24:MI:SS'), TO_DATE('2020-02-03 19:23:27', 'YYYY-MM-DD HH24:MI:SS'));
INSERT INTO PRP_D_CODE (ID, CODE_TYPE, CODE_CODE, CODE_C_NAME, CODE_E_NAME, CODE_T_NAME, DISPLAY_NO, DELETED_FLAG, CREATE_BY, UPDATE_BY, CREATE_TIME, UPDATE_TIME) VALUES ('3', 'sys_menu', 'tables_page', '多功能表格', 'tables_page', '多功能表格', 0, '0', 'Guosd', 'Guosd', TO_DATE('2020-02-03 19:23:25', 'YYYY-MM-DD HH24:MI:SS'), TO_DATE('2020-02-03 19:23:27', 'YYYY-MM-DD HH24:MI:SS'));
INSERT INTO PRP_D_CODE (ID, CODE_TYPE, CODE_CODE, CODE_C_NAME, CODE_E_NAME, CODE_T_NAME, DISPLAY_NO, DELETED_FLAG, CREATE_BY, UPDATE_BY, CREATE_TIME, UPDATE_TIME) VALUES ('4', 'sys_menu', 'icons_page', '自定义图表', 'icons_page', '自定義圖標', 0, '0', 'Guosd', 'Guosd', TO_DATE('2020-02-03 19:23:25', 'YYYY-MM-DD HH24:MI:SS'), TO_DATE('2020-02-03 19:23:27', 'YYYY-MM-DD HH24:MI:SS'));
INSERT INTO PRP_D_CODE (ID, CODE_TYPE, CODE_CODE, CODE_C_NAME, CODE_E_NAME, CODE_T_NAME, DISPLAY_NO, DELETED_FLAG, CREATE_BY, UPDATE_BY, CREATE_TIME, UPDATE_TIME) VALUES ('5', 'sys_menu', 'error_store_page', '错误收集', 'error_store_page', '錯誤收集', 0, '0', 'Guosd', 'Guosd', TO_DATE('2020-02-03 19:23:25', 'YYYY-MM-DD HH24:MI:SS'), TO_DATE('2020-02-03 19:23:27', 'YYYY-MM-DD HH24:MI:SS'));
INSERT INTO PRP_D_CODE (ID, CODE_TYPE, CODE_CODE, CODE_C_NAME, CODE_E_NAME, CODE_T_NAME, DISPLAY_NO, DELETED_FLAG, CREATE_BY, UPDATE_BY, CREATE_TIME, UPDATE_TIME) VALUES ('6', 'sys_menu', 'error_logger_page', '错误日志', 'error_logger_page', '錯誤日誌', 0, '0', 'Guosd', 'Guosd', TO_DATE('2020-02-03 19:23:25', 'YYYY-MM-DD HH24:MI:SS'), TO_DATE('2020-02-03 19:23:27', 'YYYY-MM-DD HH24:MI:SS'));
INSERT INTO PRP_D_CODE (ID, CODE_TYPE, CODE_CODE, CODE_C_NAME, CODE_E_NAME, CODE_T_NAME, DISPLAY_NO, DELETED_FLAG, CREATE_BY, UPDATE_BY, CREATE_TIME, UPDATE_TIME) VALUES ('7', 'sys_menu', 'demo', '示例', 'demo', '示例', 0, '0', 'Guosd', 'Guosd', TO_DATE('2020-02-03 19:23:25', 'YYYY-MM-DD HH24:MI:SS'), TO_DATE('2020-02-03 19:23:27', 'YYYY-MM-DD HH24:MI:SS'));
INSERT INTO PRP_D_CODE (ID, CODE_TYPE, CODE_CODE, CODE_C_NAME, CODE_E_NAME, CODE_T_NAME, DISPLAY_NO, DELETED_FLAG, CREATE_BY, UPDATE_BY, CREATE_TIME, UPDATE_TIME) VALUES ('8', 'sys_menu', 'settings', '配置', 'settings', '配置', 0, '0', 'Guosd', 'Guosd', TO_DATE('2020-02-03 19:23:25', 'YYYY-MM-DD HH24:MI:SS'), TO_DATE('2020-02-03 19:23:27', 'YYYY-MM-DD HH24:MI:SS'));
INSERT INTO PRP_D_CODE (ID, CODE_TYPE, CODE_CODE, CODE_C_NAME, CODE_E_NAME, CODE_T_NAME, DISPLAY_NO, DELETED_FLAG, CREATE_BY, UPDATE_BY, CREATE_TIME, UPDATE_TIME) VALUES ('9', 'sys_menu', 'userPage', '用户管理', 'userPage', '用戶管理', 0, '0', 'Guosd', 'Guosd', TO_DATE('2020-02-03 19:23:25', 'YYYY-MM-DD HH24:MI:SS'), TO_DATE('2020-02-03 19:23:27', 'YYYY-MM-DD HH24:MI:SS'));
INSERT INTO PRP_D_CODE (ID, CODE_TYPE, CODE_CODE, CODE_C_NAME, CODE_E_NAME, CODE_T_NAME, DISPLAY_NO, DELETED_FLAG, CREATE_BY, UPDATE_BY, CREATE_TIME, UPDATE_TIME) VALUES ('10', 'sys_menu', 'rolesPage', '角色配置', 'rolesPage', '角色管理', 0, '0', 'Guosd', 'Guosd', TO_DATE('2020-02-03 19:23:25', 'YYYY-MM-DD HH24:MI:SS'), TO_DATE('2020-02-03 19:23:27', 'YYYY-MM-DD HH24:MI:SS'));
INSERT INTO PRP_D_CODE (ID, CODE_TYPE, CODE_CODE, CODE_C_NAME, CODE_E_NAME, CODE_T_NAME, DISPLAY_NO, DELETED_FLAG, CREATE_BY, UPDATE_BY, CREATE_TIME, UPDATE_TIME) VALUES ('11', 'sys_menu', 'userSettings', '人员配置', 'userSettings', '人員配置', 0, '0', 'Guosd', 'Guosd', TO_DATE('2020-02-03 19:23:25', 'YYYY-MM-DD HH24:MI:SS'), TO_DATE('2020-02-03 19:23:27', 'YYYY-MM-DD HH24:MI:SS'));
INSERT INTO PRP_D_CODE (ID, CODE_TYPE, CODE_CODE, CODE_C_NAME, CODE_E_NAME, CODE_T_NAME, DISPLAY_NO, DELETED_FLAG, CREATE_BY, UPDATE_BY, CREATE_TIME, UPDATE_TIME) VALUES ('12', 'sys_menu', 'functionPage', '功能代码', 'functionPage', '功能代碼', 0, '0', 'Guosd', 'Guosd', TO_DATE('2020-02-03 19:23:25', 'YYYY-MM-DD HH24:MI:SS'), TO_DATE('2020-02-03 19:23:27', 'YYYY-MM-DD HH24:MI:SS'));
INSERT INTO PRP_D_CODE (ID, CODE_TYPE, CODE_CODE, CODE_C_NAME, CODE_E_NAME, CODE_T_NAME, DISPLAY_NO, DELETED_FLAG, CREATE_BY, UPDATE_BY, CREATE_TIME, UPDATE_TIME) VALUES ('13', 'sys_menu', 'systemCode', '系统代码', 'systemCode', '系統代碼', 0, '0', 'Guosd', 'Guosd', TO_DATE('2020-02-03 19:23:25', 'YYYY-MM-DD HH24:MI:SS'), TO_DATE('2020-02-03 19:23:27', 'YYYY-MM-DD HH24:MI:SS'));

INSERT INTO PRP_D_ROLE (ID, ROLE_CODE, ROLE_NAME, SYSTEM, DELETED_FLAG, CREATE_BY, UPDATE_BY, CREATE_TIME, UPDATE_TIME) VALUES ('1', 'superadmin', '超级管理员', 'nimg', '0', 'Guosd', 'Guosd', TO_DATE('2020-02-10 16:38:04', 'YYYY-MM-DD HH24:MI:SS'), TO_DATE('2020-02-10 16:38:08', 'YYYY-MM-DD HH24:MI:SS'));
INSERT INTO PRP_D_ROLE (ID, ROLE_CODE, ROLE_NAME, SYSTEM, DELETED_FLAG, CREATE_BY, UPDATE_BY, CREATE_TIME, UPDATE_TIME) VALUES ('2', 'admin', '管理员', 'nimg', '0', 'Guosd', 'Guosd', TO_DATE('2020-02-10 16:38:04', 'YYYY-MM-DD HH24:MI:SS'), TO_DATE('2020-02-10 16:38:08', 'YYYY-MM-DD HH24:MI:SS'));
INSERT INTO PRP_D_ROLE (ID, ROLE_CODE, ROLE_NAME, SYSTEM, DELETED_FLAG, CREATE_BY, UPDATE_BY, CREATE_TIME, UPDATE_TIME) VALUES ('3', 'user', '用户', 'nimg', '0', 'Guosd', 'Guosd', TO_DATE('2020-02-10 16:38:04', 'YYYY-MM-DD HH24:MI:SS'), TO_DATE('2020-02-10 16:38:08', 'YYYY-MM-DD HH24:MI:SS'));

INSERT INTO PRP_D_TASK (ID, TASK_CODE, PARENT_CODE, TASK_NAME, URL, SYSTEM, DELETED_FLAG, CREATE_BY, UPDATE_BY, CREATE_TIME, UPDATE_TIME) VALUES ('1', 'nimg', null, 'root', null, 'nimg', '0', 'Guosd', 'Guosd', TO_DATE('2020-02-10 16:24:37', 'YYYY-MM-DD HH24:MI:SS'), TO_DATE('2020-02-10 16:24:40', 'YYYY-MM-DD HH24:MI:SS'));
INSERT INTO PRP_D_TASK (ID, TASK_CODE, PARENT_CODE, TASK_NAME, URL, SYSTEM, DELETED_FLAG, CREATE_BY, UPDATE_BY, CREATE_TIME, UPDATE_TIME) VALUES ('2', 'nimg.demo', 'nimg', '示例功能', null, 'nimg', '0', 'Guosd', 'Guosd', TO_DATE('2020-02-10 16:24:37', 'YYYY-MM-DD HH24:MI:SS'), TO_DATE('2020-02-10 16:24:40', 'YYYY-MM-DD HH24:MI:SS'));
INSERT INTO PRP_D_TASK (ID, TASK_CODE, PARENT_CODE, TASK_NAME, URL, SYSTEM, DELETED_FLAG, CREATE_BY, UPDATE_BY, CREATE_TIME, UPDATE_TIME) VALUES ('3', 'nimg.demo.tables', 'nimg.demo', '示例功能.多功能表格', null, 'nimg', '0', 'Guosd', 'Guosd', TO_DATE('2020-02-10 16:24:37', 'YYYY-MM-DD HH24:MI:SS'), TO_DATE('2020-02-10 16:24:40', 'YYYY-MM-DD HH24:MI:SS'));
INSERT INTO PRP_D_TASK (ID, TASK_CODE, PARENT_CODE, TASK_NAME, URL, SYSTEM, DELETED_FLAG, CREATE_BY, UPDATE_BY, CREATE_TIME, UPDATE_TIME) VALUES ('4', 'nimg.demo.icons', 'nimg.demo', '示例功能.图标', null, 'nimg', '0', 'Guosd', 'Guosd', TO_DATE('2020-02-10 16:24:37', 'YYYY-MM-DD HH24:MI:SS'), TO_DATE('2020-02-10 16:24:40', 'YYYY-MM-DD HH24:MI:SS'));
INSERT INTO PRP_D_TASK (ID, TASK_CODE, PARENT_CODE, TASK_NAME, URL, SYSTEM, DELETED_FLAG, CREATE_BY, UPDATE_BY, CREATE_TIME, UPDATE_TIME) VALUES ('5', 'nimg.settings', 'nimg', '系统设置', null, 'nimg', '0', 'Guosd', 'Guosd', TO_DATE('2020-02-10 16:24:37', 'YYYY-MM-DD HH24:MI:SS'), TO_DATE('2020-02-10 16:24:40', 'YYYY-MM-DD HH24:MI:SS'));
INSERT INTO PRP_D_TASK (ID, TASK_CODE, PARENT_CODE, TASK_NAME, URL, SYSTEM, DELETED_FLAG, CREATE_BY, UPDATE_BY, CREATE_TIME, UPDATE_TIME) VALUES ('6', 'nimg.settings.userSettings', 'nimg.settings', '系统设置.用户设置', null, 'nimg', '0', 'Guosd', 'Guosd', TO_DATE('2020-02-10 16:24:37', 'YYYY-MM-DD HH24:MI:SS'), TO_DATE('2020-02-10 16:24:40', 'YYYY-MM-DD HH24:MI:SS'));
INSERT INTO PRP_D_TASK (ID, TASK_CODE, PARENT_CODE, TASK_NAME, URL, SYSTEM, DELETED_FLAG, CREATE_BY, UPDATE_BY, CREATE_TIME, UPDATE_TIME) VALUES ('7', 'nimg.settings.userSettings.userPage', 'nimg.settings.userSettings', '系统设置.用户设置.人员配置', null, 'nimg', '0', 'Guosd', 'Guosd', TO_DATE('2020-02-10 16:24:37', 'YYYY-MM-DD HH24:MI:SS'), TO_DATE('2020-02-10 16:24:40', 'YYYY-MM-DD HH24:MI:SS'));
INSERT INTO PRP_D_TASK (ID, TASK_CODE, PARENT_CODE, TASK_NAME, URL, SYSTEM, DELETED_FLAG, CREATE_BY, UPDATE_BY, CREATE_TIME, UPDATE_TIME) VALUES ('8', 'nimg.settings.userSettings.rolesPage', 'nimg.settings.userSettings', '系统设置.用户设置.角色配置', null, 'nimg', '0', 'Guosd', 'Guosd', TO_DATE('2020-02-10 16:24:37', 'YYYY-MM-DD HH24:MI:SS'), TO_DATE('2020-02-10 16:24:40', 'YYYY-MM-DD HH24:MI:SS'));
INSERT INTO PRP_D_TASK (ID, TASK_CODE, PARENT_CODE, TASK_NAME, URL, SYSTEM, DELETED_FLAG, CREATE_BY, UPDATE_BY, CREATE_TIME, UPDATE_TIME) VALUES ('9', 'nimg.settings.userSettings.functionPage', 'nimg.settings.userSettings', '系统设置.用户设置.功能配置', null, 'nimg', '0', 'Guosd', 'Guosd', TO_DATE('2020-02-10 16:24:37', 'YYYY-MM-DD HH24:MI:SS'), TO_DATE('2020-02-10 16:24:40', 'YYYY-MM-DD HH24:MI:SS'));
INSERT INTO PRP_D_TASK (ID, TASK_CODE, PARENT_CODE, TASK_NAME, URL, SYSTEM, DELETED_FLAG, CREATE_BY, UPDATE_BY, CREATE_TIME, UPDATE_TIME) VALUES ('10', 'nimg.settings.systemCode', 'nimg.settings', '系统设置.系统代码配置', null, 'nimg', '0', 'Guosd', 'Guosd', TO_DATE('2020-02-10 16:24:37', 'YYYY-MM-DD HH24:MI:SS'), TO_DATE('2020-02-10 16:24:40', 'YYYY-MM-DD HH24:MI:SS'));


INSERT INTO PRP_D_USER (ID, USER_CODE, USER_C_NAME, COM_CODE, PASSWORD, KEY, IV, DELETED_FLAG, SYSTEM, CREATE_BY, UPDATE_BY, CREATE_TIME, UPDATE_TIME) VALUES ('1', '000000', '超级管理员', '00000000', 'Ydcx$111', 'sdf', 'sdfsdf', '0', 'nimg', 'Guosd', 'Guosd', TO_DATE('2020-02-03 17:41:49', 'YYYY-MM-DD HH24:MI:SS'), TO_DATE('2020-02-03 17:41:49', 'YYYY-MM-DD HH24:MI:SS'));
INSERT INTO PRP_D_USER (ID, USER_CODE, USER_C_NAME, COM_CODE, PASSWORD, KEY, IV, DELETED_FLAG, SYSTEM, CREATE_BY, UPDATE_BY, CREATE_TIME, UPDATE_TIME) VALUES ('2', '000001', '管理员', '03010000', 'Ydcx$111', 'sdf', 'sdfsdf', '0', 'nimg', 'Guosd', 'Guosd', TO_DATE('2020-02-10 16:46:14', 'YYYY-MM-DD HH24:MI:SS'), TO_DATE('2020-02-10 16:46:14', 'YYYY-MM-DD HH24:MI:SS'));
INSERT INTO PRP_D_USER (ID, USER_CODE, USER_C_NAME, COM_CODE, PASSWORD, KEY, IV, DELETED_FLAG, SYSTEM, CREATE_BY, UPDATE_BY, CREATE_TIME, UPDATE_TIME) VALUES ('3', '000002', '普通用户', '03010000', 'Ydcx$111', 'sdf', 'sdfsdf', '0', 'nimg', 'Guosd', 'Guosd', TO_DATE('2020-02-10 16:46:14', 'YYYY-MM-DD HH24:MI:SS'), TO_DATE('2020-02-10 16:46:14', 'YYYY-MM-DD HH24:MI:SS'));


INSERT INTO PRP_D_USER_ROLE (ID, USER_ID, ROLE_ID, DELETED_FLAG, CREATE_BY, UPDATE_BY, CREATE_TIME, UPDATE_TIME) VALUES ('1', '1', '1', '0', 'Guosd', 'Guosd', TO_DATE('2020-02-10 16:52:56', 'YYYY-MM-DD HH24:MI:SS'), TO_DATE('2020-02-10 16:52:56', 'YYYY-MM-DD HH24:MI:SS'));
INSERT INTO PRP_D_USER_ROLE (ID, USER_ID, ROLE_ID, DELETED_FLAG, CREATE_BY, UPDATE_BY, CREATE_TIME, UPDATE_TIME) VALUES ('2', '2', '2', '0', 'Guosd', 'Guosd', TO_DATE('2020-02-10 16:52:56', 'YYYY-MM-DD HH24:MI:SS'), TO_DATE('2020-02-10 16:52:56', 'YYYY-MM-DD HH24:MI:SS'));
INSERT INTO PRP_D_USER_ROLE (ID, USER_ID, ROLE_ID, DELETED_FLAG, CREATE_BY, UPDATE_BY, CREATE_TIME, UPDATE_TIME) VALUES ('3', '3', '3', '0', 'Guosd', 'Guosd', TO_DATE('2020-02-10 16:52:56', 'YYYY-MM-DD HH24:MI:SS'), TO_DATE('2020-02-10 16:52:56', 'YYYY-MM-DD HH24:MI:SS'));


INSERT INTO PRP_D_ROLE_TASK (ID, TASK_ID, ROLE_ID, DELETED_FLAG, CREATE_BY, UPDATE_BY, CREATE_TIME, UPDATE_TIME) VALUES ('1', '1', '1', '0', 'Guosd', 'Guosd', TO_DATE('2020-02-10 16:40:33', 'YYYY-MM-DD HH24:MI:SS'), TO_DATE('2020-02-10 16:40:35', 'YYYY-MM-DD HH24:MI:SS'));
INSERT INTO PRP_D_ROLE_TASK (ID, TASK_ID, ROLE_ID, DELETED_FLAG, CREATE_BY, UPDATE_BY, CREATE_TIME, UPDATE_TIME) VALUES ('2', '2', '1', '0', 'Guosd', 'Guosd', TO_DATE('2020-02-10 16:40:33', 'YYYY-MM-DD HH24:MI:SS'), TO_DATE('2020-02-10 16:40:35', 'YYYY-MM-DD HH24:MI:SS'));
INSERT INTO PRP_D_ROLE_TASK (ID, TASK_ID, ROLE_ID, DELETED_FLAG, CREATE_BY, UPDATE_BY, CREATE_TIME, UPDATE_TIME) VALUES ('3', '3', '1', '0', 'Guosd', 'Guosd', TO_DATE('2020-02-10 16:40:33', 'YYYY-MM-DD HH24:MI:SS'), TO_DATE('2020-02-10 16:40:35', 'YYYY-MM-DD HH24:MI:SS'));
INSERT INTO PRP_D_ROLE_TASK (ID, TASK_ID, ROLE_ID, DELETED_FLAG, CREATE_BY, UPDATE_BY, CREATE_TIME, UPDATE_TIME) VALUES ('4', '4', '1', '0', 'Guosd', 'Guosd', TO_DATE('2020-02-10 16:40:33', 'YYYY-MM-DD HH24:MI:SS'), TO_DATE('2020-02-10 16:40:35', 'YYYY-MM-DD HH24:MI:SS'));
INSERT INTO PRP_D_ROLE_TASK (ID, TASK_ID, ROLE_ID, DELETED_FLAG, CREATE_BY, UPDATE_BY, CREATE_TIME, UPDATE_TIME) VALUES ('5', '5', '1', '0', 'Guosd', 'Guosd', TO_DATE('2020-02-10 16:40:33', 'YYYY-MM-DD HH24:MI:SS'), TO_DATE('2020-02-10 16:40:35', 'YYYY-MM-DD HH24:MI:SS'));
INSERT INTO PRP_D_ROLE_TASK (ID, TASK_ID, ROLE_ID, DELETED_FLAG, CREATE_BY, UPDATE_BY, CREATE_TIME, UPDATE_TIME) VALUES ('6', '6', '1', '0', 'Guosd', 'Guosd', TO_DATE('2020-02-10 16:40:33', 'YYYY-MM-DD HH24:MI:SS'), TO_DATE('2020-02-10 16:40:35', 'YYYY-MM-DD HH24:MI:SS'));
INSERT INTO PRP_D_ROLE_TASK (ID, TASK_ID, ROLE_ID, DELETED_FLAG, CREATE_BY, UPDATE_BY, CREATE_TIME, UPDATE_TIME) VALUES ('7', '7', '1', '0', 'Guosd', 'Guosd', TO_DATE('2020-02-10 16:40:33', 'YYYY-MM-DD HH24:MI:SS'), TO_DATE('2020-02-10 16:40:35', 'YYYY-MM-DD HH24:MI:SS'));
INSERT INTO PRP_D_ROLE_TASK (ID, TASK_ID, ROLE_ID, DELETED_FLAG, CREATE_BY, UPDATE_BY, CREATE_TIME, UPDATE_TIME) VALUES ('8', '8', '1', '0', 'Guosd', 'Guosd', TO_DATE('2020-02-10 16:40:33', 'YYYY-MM-DD HH24:MI:SS'), TO_DATE('2020-02-10 16:40:35', 'YYYY-MM-DD HH24:MI:SS'));
INSERT INTO PRP_D_ROLE_TASK (ID, TASK_ID, ROLE_ID, DELETED_FLAG, CREATE_BY, UPDATE_BY, CREATE_TIME, UPDATE_TIME) VALUES ('9', '9', '1', '0', 'Guosd', 'Guosd', TO_DATE('2020-02-10 16:40:33', 'YYYY-MM-DD HH24:MI:SS'), TO_DATE('2020-02-10 16:40:35', 'YYYY-MM-DD HH24:MI:SS'));
INSERT INTO PRP_D_ROLE_TASK (ID, TASK_ID, ROLE_ID, DELETED_FLAG, CREATE_BY, UPDATE_BY, CREATE_TIME, UPDATE_TIME) VALUES ('10', '10', '1', '0', 'Guosd', 'Guosd', TO_DATE('2020-02-10 16:40:33', 'YYYY-MM-DD HH24:MI:SS'), TO_DATE('2020-02-10 16:40:35', 'YYYY-MM-DD HH24:MI:SS'));
INSERT INTO PRP_D_ROLE_TASK (ID, TASK_ID, ROLE_ID, DELETED_FLAG, CREATE_BY, UPDATE_BY, CREATE_TIME, UPDATE_TIME) VALUES ('11', '1', '3', '0', 'Guosd', 'Guosd', TO_DATE('2020-02-10 16:40:33', 'YYYY-MM-DD HH24:MI:SS'), TO_DATE('2020-02-10 16:40:35', 'YYYY-MM-DD HH24:MI:SS'));
INSERT INTO PRP_D_ROLE_TASK (ID, TASK_ID, ROLE_ID, DELETED_FLAG, CREATE_BY, UPDATE_BY, CREATE_TIME, UPDATE_TIME) VALUES ('12', '2', '3', '0', 'Guosd', 'Guosd', TO_DATE('2020-02-10 16:40:33', 'YYYY-MM-DD HH24:MI:SS'), TO_DATE('2020-02-10 16:40:35', 'YYYY-MM-DD HH24:MI:SS'));
INSERT INTO PRP_D_ROLE_TASK (ID, TASK_ID, ROLE_ID, DELETED_FLAG, CREATE_BY, UPDATE_BY, CREATE_TIME, UPDATE_TIME) VALUES ('13', '3', '3', '0', 'Guosd', 'Guosd', TO_DATE('2020-02-10 16:40:33', 'YYYY-MM-DD HH24:MI:SS'), TO_DATE('2020-02-10 16:40:35', 'YYYY-MM-DD HH24:MI:SS'));
INSERT INTO PRP_D_ROLE_TASK (ID, TASK_ID, ROLE_ID, DELETED_FLAG, CREATE_BY, UPDATE_BY, CREATE_TIME, UPDATE_TIME) VALUES ('14', '4', '3', '0', 'Guosd', 'Guosd', TO_DATE('2020-02-10 16:40:33', 'YYYY-MM-DD HH24:MI:SS'), TO_DATE('2020-02-10 16:40:35', 'YYYY-MM-DD HH24:MI:SS'));
INSERT INTO PRP_D_ROLE_TASK (ID, TASK_ID, ROLE_ID, DELETED_FLAG, CREATE_BY, UPDATE_BY, CREATE_TIME, UPDATE_TIME) VALUES ('15', '5', '2', '0', 'Guosd', 'Guosd', TO_DATE('2020-02-10 16:40:33', 'YYYY-MM-DD HH24:MI:SS'), TO_DATE('2020-02-10 16:40:35', 'YYYY-MM-DD HH24:MI:SS'));
INSERT INTO PRP_D_ROLE_TASK (ID, TASK_ID, ROLE_ID, DELETED_FLAG, CREATE_BY, UPDATE_BY, CREATE_TIME, UPDATE_TIME) VALUES ('16', '6', '2', '0', 'Guosd', 'Guosd', TO_DATE('2020-02-10 16:40:33', 'YYYY-MM-DD HH24:MI:SS'), TO_DATE('2020-02-10 16:40:35', 'YYYY-MM-DD HH24:MI:SS'));
INSERT INTO PRP_D_ROLE_TASK (ID, TASK_ID, ROLE_ID, DELETED_FLAG, CREATE_BY, UPDATE_BY, CREATE_TIME, UPDATE_TIME) VALUES ('17', '7', '2', '0', 'Guosd', 'Guosd', TO_DATE('2020-02-10 16:40:33', 'YYYY-MM-DD HH24:MI:SS'), TO_DATE('2020-02-10 16:40:35', 'YYYY-MM-DD HH24:MI:SS'));
INSERT INTO PRP_D_ROLE_TASK (ID, TASK_ID, ROLE_ID, DELETED_FLAG, CREATE_BY, UPDATE_BY, CREATE_TIME, UPDATE_TIME) VALUES ('18', '8', '2', '0', 'Guosd', 'Guosd', TO_DATE('2020-02-10 16:40:33', 'YYYY-MM-DD HH24:MI:SS'), TO_DATE('2020-02-10 16:40:35', 'YYYY-MM-DD HH24:MI:SS'));
INSERT INTO PRP_D_ROLE_TASK (ID, TASK_ID, ROLE_ID, DELETED_FLAG, CREATE_BY, UPDATE_BY, CREATE_TIME, UPDATE_TIME) VALUES ('19', '9', '2', '0', 'Guosd', 'Guosd', TO_DATE('2020-02-10 16:40:33', 'YYYY-MM-DD HH24:MI:SS'), TO_DATE('2020-02-10 16:40:35', 'YYYY-MM-DD HH24:MI:SS'));
INSERT INTO PRP_D_ROLE_TASK (ID, TASK_ID, ROLE_ID, DELETED_FLAG, CREATE_BY, UPDATE_BY, CREATE_TIME, UPDATE_TIME) VALUES ('20', '10', '2', '0', 'Guosd', 'Guosd', TO_DATE('2020-02-10 16:40:33', 'YYYY-MM-DD HH24:MI:SS'), TO_DATE('2020-02-10 16:40:35', 'YYYY-MM-DD HH24:MI:SS'));


